﻿<?xml version="1.0" encoding="utf-8" ?>
<c2eventsheet>
    <!--All the 'name' attributes are ignored by Construct 2 - they are there for readability only.-->
    <name>EndES</name>
    <events>
        <event-block>
            <conditions>
                <condition id="-2" name="On start of layout" type="System" />
            </conditions>
            <actions />
            <sub-events>
                <event-block>
                    <conditions>
                        <condition id="-10" name="For" type="System">
                            <param id="0" name="Name">&quot;&quot;</param>
                            <param id="1" name="Start index">0</param>
                            <param id="2" name="End index">2</param>
                        </condition>
                    </conditions>
                    <actions />
                    <sub-events>
                        <event-block>
                            <conditions>
                                <condition id="-8" name="Compare two values" type="System">
                                    <param id="0" name="First value">Int(ScoreTable.At(loopindex))</param>
                                    <param id="1" name="Comparison">2</param>
                                    <param id="2" name="Second value">Score</param>
                                </condition>
                            </conditions>
                            <actions>
                                <action id="10" name="Insert" type="ScoreTable">
                                    <param id="0" name="Value">Score</param>
                                    <param id="1" name="Index">loopindex</param>
                                    <param id="2" name="Axis">0</param>
                                </action>
                                <action id="-24" name="Stop loop" type="System" />
                                <action id="1" name="Set size" type="ScoreTable">
                                    <param id="0" name="Width">3</param>
                                    <param id="1" name="Height">1</param>
                                    <param id="2" name="Depth">1</param>
                                </action>
                                <action id="0" name="Set local value" type="WebStorage">
                                    <param id="0" name="Key">&quot;ReactionbyFord&quot;</param>
                                    <param id="1" name="Value">ScoreTable.AsJSON</param>
                                </action>
                            </actions>
                        </event-block>
                    </sub-events>
                </event-block>
                <event-block>
                    <conditions />
                    <actions>
                        <action id="0" name="Set text" type="PlayerScore">
                            <param id="0" name="Text">&quot;Your Score:  &quot; &amp; Score</param>
                        </action>
                        <action id="0" name="Set text" type="High1">
                            <param id="0" name="Text">&quot;1:  &quot; &amp; ScoreTable.At(0)</param>
                        </action>
                        <action id="0" name="Set text" type="High2">
                            <param id="0" name="Text">&quot;2:  &quot; &amp; ScoreTable.At(1)</param>
                        </action>
                        <action id="0" name="Set text" type="High3">
                            <param id="0" name="Text">&quot;3:  &quot; &amp; ScoreTable.At(2)</param>
                        </action>
                    </actions>
                </event-block>
            </sub-events>
        </event-block>
        <event-block>
            <conditions>
                <condition id="-6" name="Every X seconds" type="System">
                    <param id="0" name="Interval (seconds)">0.1</param>
                </condition>
                <condition id="-7" name="Compare instance variable" type="again">
                    <param id="0" name="Instance variable">Fade</param>
                    <param id="1" name="Comparison">3</param>
                    <param id="2" name="Value">100</param>
                </condition>
            </conditions>
            <actions>
                <action id="-11" name="Add to" type="again">
                    <param id="0" name="Instance variable">Fade</param>
                    <param id="1" name="Value">1</param>
                </action>
                <action id="3" name="Set volume" type="Audio">
                    <param id="0" name="Tag">&quot;BGM&quot;</param>
                    <param id="1" name="dB">-again.Fade</param>
                </action>
            </actions>
        </event-block>
        <event-block any="1">
            <conditions>
                <condition id="6" name="On object clicked" type="Mouse">
                    <param id="0" name="Mouse button">0</param>
                    <param id="1" name="Click type">0</param>
                    <param id="2" name="Object clicked">again</param>
                </condition>
                <condition id="4" name="Is touching object" type="Touch">
                    <param id="0" name="Object">again</param>
                </condition>
            </conditions>
            <actions>
                <action id="6" name="Stop" type="Audio">
                    <param id="0" name="Tag">&quot;BGM&quot;</param>
                </action>
                <action id="-10" name="Set value" type="again">
                    <param id="0" name="Instance variable">Fade</param>
                    <param id="1" name="Value">0</param>
                </action>
                <action id="-2" name="Go to layout" type="System">
                    <param id="0" name="Layout">Menu</param>
                </action>
                <action id="-21" name="Reset global variables" type="System" />
            </actions>
        </event-block>
    </events>
</c2eventsheet>
