﻿<?xml version="1.0" encoding="utf-8" ?>
<c2eventsheet>
    <!--All the 'name' attributes are ignored by Construct 2 - they are there for readability only.-->
    <name>GameES</name>
    <events>
        <variable constant="0" name="Level" static="0" type="number">1</variable>
        <variable constant="0" name="Score" static="0" type="number">0</variable>
        <event-block>
            <conditions>
                <condition id="-2" name="On start of layout" type="System" />
            </conditions>
            <actions>
                <action id="-10" name="Set value" type="TimeLeft">
                    <param id="0" name="Instance variable">TimeLeft</param>
                    <param id="1" name="Value">60</param>
                </action>
                <action id="0" name="Play" type="Audio">
                    <param id="0" name="Audio file">BGM</param>
                    <param id="2" name="Loop">1</param>
                    <param id="3" name="Volume">0</param>
                    <param id="1" name="Tag (optional)">&quot;BGM&quot;</param>
                </action>
            </actions>
        </event-block>
        <event-block>
            <conditions>
                <condition id="-7" name="Compare instance variable" type="TimeLeft">
                    <param id="0" name="Instance variable">TimeLeft</param>
                    <param id="1" name="Comparison">5</param>
                    <param id="2" name="Value">0</param>
                </condition>
                <condition id="-6" name="Every X seconds" type="System">
                    <param id="0" name="Interval (seconds)">0.1</param>
                </condition>
            </conditions>
            <actions>
                <action id="-7" name="Set size" type="Circle">
                    <param id="0" name="Width">Circle.Width - Level</param>
                    <param id="1" name="Height">Circle.Height - Level</param>
                </action>
                <action id="-17" name="Move forward" type="Circle">
                    <param id="0" name="Distance">(Level - 1) * 10</param>
                </action>
                <action id="0" name="Set text" type="TimeLeft">
                    <param id="0" name="Text">&quot;Time:  &quot; &amp; TimeLeft.TimeLeft</param>
                </action>
                <action id="-12" name="Subtract from" type="TimeLeft">
                    <param id="0" name="Instance variable">TimeLeft</param>
                    <param id="1" name="Value">0.1</param>
                </action>
                <action id="0" name="Set text" type="Level">
                    <param id="0" name="Text">&quot;Level:  &quot; &amp; Level</param>
                </action>
            </actions>
            <sub-events>
                <event-block>
                    <conditions>
                        <condition id="-6" name="Every X seconds" type="System">
                            <param id="0" name="Interval (seconds)">1.0</param>
                        </condition>
                    </conditions>
                    <actions>
                        <action id="-3" name="Create object" type="System">
                            <param id="0" name="Object to create">Circle</param>
                            <param id="1" name="Layer">0</param>
                            <param id="2" name="X">Random(LayoutWidth)</param>
                            <param id="3" name="Y">Random(LayoutHeight)</param>
                        </action>
                    </actions>
                </event-block>
            </sub-events>
        </event-block>
        <event-block>
            <conditions>
                <condition id="-18" name="On created" type="Circle" />
            </conditions>
            <actions>
                <action id="9" name="Set scale" type="Circle">
                    <param id="0" name="Scale">Random(0.5) + 0.125</param>
                </action>
                <action id="5" name="Set frame" type="Circle">
                    <param id="0" name="Frame number">Random(Circle.AnimationFrameCount)</param>
                </action>
                <action id="-8" name="Set angle" type="Circle">
                    <param id="0" name="Angle">Random(360)</param>
                </action>
            </actions>
        </event-block>
        <event-block any="1">
            <conditions>
                <condition id="6" name="On object clicked" type="Mouse">
                    <param id="0" name="Mouse button">0</param>
                    <param id="1" name="Click type">0</param>
                    <param id="2" name="Object clicked">Circle</param>
                </condition>
                <condition id="4" name="Is touching object" type="Touch">
                    <param id="0" name="Object">Circle</param>
                </condition>
            </conditions>
            <actions>
                <action id="-9" name="Destroy" type="Circle" />
                <action id="0" name="Play" type="Audio">
                    <param id="0" name="Audio file">105020__xitherun__lsdj-kick</param>
                    <param id="2" name="Loop">0</param>
                    <param id="3" name="Volume">0</param>
                    <param id="1" name="Tag (optional)">&quot;&quot;</param>
                </action>
                <action id="-11" name="Add to" type="TimeLeft">
                    <param id="0" name="Instance variable">TimeLeft</param>
                    <param id="1" name="Value">1</param>
                </action>
                <action id="-10" name="Add to" type="System">
                    <param id="0" name="Variable">Score</param>
                    <param id="1" name="Value">1 * Multiplier.Multiplier</param>
                </action>
                <action id="0" name="Set text" type="Score">
                    <param id="0" name="Text">&quot;Score:  &quot; &amp; Score</param>
                </action>
                <action id="-11" name="Add to" type="Multiplier">
                    <param id="0" name="Instance variable">Multiplier</param>
                    <param id="1" name="Value">1</param>
                </action>
                <action id="0" name="Set text" type="Multiplier">
                    <param id="0" name="Text">&quot;Multiplier:  &quot; &amp; Multiplier.Multiplier</param>
                </action>
            </actions>
        </event-block>
        <event-block>
            <conditions>
                <condition id="0" name="On click" type="Mouse">
                    <param id="0" name="Mouse button">0</param>
                    <param id="1" name="Click type">0</param>
                </condition>
                <condition id="7" inverted="1" name="Cursor is over object" type="Mouse">
                    <param id="0" name="Object">Circle</param>
                </condition>
            </conditions>
            <actions>
                <action id="-10" name="Set value" type="Multiplier">
                    <param id="0" name="Instance variable">Multiplier</param>
                    <param id="1" name="Value">1</param>
                </action>
                <action id="0" name="Set text" type="Multiplier">
                    <param id="0" name="Text">&quot;Multiplier:  &quot; &amp; Multiplier.Multiplier</param>
                </action>
            </actions>
        </event-block>
        <event-block>
            <conditions>
                <condition id="2" name="Is in touch" type="Touch" />
                <condition disabled="1" id="4" name="Is touching object" type="Touch">
                    <param id="0" name="Object">Circle</param>
                </condition>
            </conditions>
            <actions>
                <action id="-10" name="Set value" type="Multiplier">
                    <param id="0" name="Instance variable">Multiplier</param>
                    <param id="1" name="Value">1</param>
                </action>
                <action id="0" name="Set text" type="Multiplier">
                    <param id="0" name="Text">&quot;Multiplier:  &quot; &amp; Multiplier.Multiplier</param>
                </action>
            </actions>
        </event-block>
        <event-block any="1">
            <conditions>
                <condition id="-6" name="Compare height" type="Circle">
                    <param id="0" name="Comparison">3</param>
                    <param id="1" name="Height">0</param>
                </condition>
                <condition id="-5" name="Compare width" type="Circle">
                    <param id="0" name="Comparison">3</param>
                    <param id="1" name="Width">0</param>
                </condition>
            </conditions>
            <actions>
                <action id="-9" name="Destroy" type="Circle" />
                <action id="-3" name="Create object" type="System">
                    <param id="0" name="Object to create">Circle</param>
                    <param id="1" name="Layer">0</param>
                    <param id="2" name="X">Random(LayoutWidth)</param>
                    <param id="3" name="Y">Random(LayoutHeight)</param>
                </action>
            </actions>
        </event-block>
        <event-block>
            <conditions>
                <condition id="-14" name="Compare variable" type="System">
                    <param id="0" name="Variable">Score</param>
                    <param id="1" name="Comparison">5</param>
                    <param id="2" name="Value">10</param>
                </condition>
                <condition id="-14" name="Compare variable" type="System">
                    <param id="0" name="Variable">Score</param>
                    <param id="1" name="Comparison">2</param>
                    <param id="2" name="Value">20</param>
                </condition>
            </conditions>
            <actions>
                <action id="-9" name="Set value" type="System">
                    <param id="0" name="Variable">Level</param>
                    <param id="1" name="Value">2</param>
                </action>
                <action id="0" name="Set text" type="Level">
                    <param id="0" name="Text">&quot;Level:  &quot; &amp; Level</param>
                </action>
            </actions>
            <sub-events>
                <event-block>
                    <conditions>
                        <condition id="-4" name="Trigger once while true" type="System" />
                    </conditions>
                    <actions>
                        <action id="0" name="Play" type="Audio">
                            <param id="0" name="Audio file">LevelUp</param>
                            <param id="2" name="Loop">0</param>
                            <param id="3" name="Volume">0</param>
                            <param id="1" name="Tag (optional)">&quot;&quot;</param>
                        </action>
                    </actions>
                </event-block>
            </sub-events>
        </event-block>
        <event-block>
            <conditions>
                <condition id="-14" name="Compare variable" type="System">
                    <param id="0" name="Variable">Score</param>
                    <param id="1" name="Comparison">5</param>
                    <param id="2" name="Value">20</param>
                </condition>
                <condition id="-14" name="Compare variable" type="System">
                    <param id="0" name="Variable">Score</param>
                    <param id="1" name="Comparison">2</param>
                    <param id="2" name="Value">30</param>
                </condition>
            </conditions>
            <actions>
                <action id="-9" name="Set value" type="System">
                    <param id="0" name="Variable">Level</param>
                    <param id="1" name="Value">3</param>
                </action>
                <action id="0" name="Set text" type="Level">
                    <param id="0" name="Text">&quot;Level:  &quot; &amp; Level</param>
                </action>
            </actions>
            <sub-events>
                <event-block>
                    <conditions>
                        <condition id="-4" name="Trigger once while true" type="System" />
                    </conditions>
                    <actions>
                        <action id="0" name="Play" type="Audio">
                            <param id="0" name="Audio file">LevelUp</param>
                            <param id="2" name="Loop">0</param>
                            <param id="3" name="Volume">0</param>
                            <param id="1" name="Tag (optional)">&quot;&quot;</param>
                        </action>
                    </actions>
                </event-block>
            </sub-events>
        </event-block>
        <event-block>
            <conditions>
                <condition id="-14" name="Compare variable" type="System">
                    <param id="0" name="Variable">Score</param>
                    <param id="1" name="Comparison">5</param>
                    <param id="2" name="Value">30</param>
                </condition>
                <condition id="-14" name="Compare variable" type="System">
                    <param id="0" name="Variable">Score</param>
                    <param id="1" name="Comparison">2</param>
                    <param id="2" name="Value">40</param>
                </condition>
            </conditions>
            <actions>
                <action id="-9" name="Set value" type="System">
                    <param id="0" name="Variable">Level</param>
                    <param id="1" name="Value">4</param>
                </action>
                <action id="0" name="Set text" type="Level">
                    <param id="0" name="Text">&quot;Level:  &quot; &amp; Level</param>
                </action>
            </actions>
            <sub-events>
                <event-block>
                    <conditions>
                        <condition id="-4" name="Trigger once while true" type="System" />
                    </conditions>
                    <actions>
                        <action id="0" name="Play" type="Audio">
                            <param id="0" name="Audio file">LevelUp</param>
                            <param id="2" name="Loop">0</param>
                            <param id="3" name="Volume">0</param>
                            <param id="1" name="Tag (optional)">&quot;&quot;</param>
                        </action>
                    </actions>
                </event-block>
            </sub-events>
        </event-block>
        <event-block>
            <conditions>
                <condition id="-14" name="Compare variable" type="System">
                    <param id="0" name="Variable">Score</param>
                    <param id="1" name="Comparison">5</param>
                    <param id="2" name="Value">40</param>
                </condition>
                <condition id="-14" name="Compare variable" type="System">
                    <param id="0" name="Variable">Score</param>
                    <param id="1" name="Comparison">2</param>
                    <param id="2" name="Value">50</param>
                </condition>
            </conditions>
            <actions>
                <action id="-9" name="Set value" type="System">
                    <param id="0" name="Variable">Level</param>
                    <param id="1" name="Value">5</param>
                </action>
                <action id="0" name="Set text" type="Level">
                    <param id="0" name="Text">&quot;Level:  &quot; &amp; Level</param>
                </action>
            </actions>
            <sub-events>
                <event-block>
                    <conditions>
                        <condition id="-4" name="Trigger once while true" type="System" />
                    </conditions>
                    <actions>
                        <action id="0" name="Play" type="Audio">
                            <param id="0" name="Audio file">LevelUp</param>
                            <param id="2" name="Loop">0</param>
                            <param id="3" name="Volume">0</param>
                            <param id="1" name="Tag (optional)">&quot;&quot;</param>
                        </action>
                    </actions>
                </event-block>
            </sub-events>
        </event-block>
        <event-block>
            <conditions>
                <condition id="-14" name="Compare variable" type="System">
                    <param id="0" name="Variable">Score</param>
                    <param id="1" name="Comparison">5</param>
                    <param id="2" name="Value">50</param>
                </condition>
                <condition id="-14" name="Compare variable" type="System">
                    <param id="0" name="Variable">Score</param>
                    <param id="1" name="Comparison">2</param>
                    <param id="2" name="Value">60</param>
                </condition>
            </conditions>
            <actions>
                <action id="-9" name="Set value" type="System">
                    <param id="0" name="Variable">Level</param>
                    <param id="1" name="Value">6</param>
                </action>
                <action id="0" name="Set text" type="Level">
                    <param id="0" name="Text">&quot;Level:  &quot; &amp; Level</param>
                </action>
            </actions>
            <sub-events>
                <event-block>
                    <conditions>
                        <condition id="-4" name="Trigger once while true" type="System" />
                    </conditions>
                    <actions>
                        <action id="0" name="Play" type="Audio">
                            <param id="0" name="Audio file">LevelUp</param>
                            <param id="2" name="Loop">0</param>
                            <param id="3" name="Volume">0</param>
                            <param id="1" name="Tag (optional)">&quot;&quot;</param>
                        </action>
                    </actions>
                </event-block>
            </sub-events>
        </event-block>
        <event-block>
            <conditions>
                <condition id="-14" name="Compare variable" type="System">
                    <param id="0" name="Variable">Score</param>
                    <param id="1" name="Comparison">5</param>
                    <param id="2" name="Value">60</param>
                </condition>
                <condition id="-14" name="Compare variable" type="System">
                    <param id="0" name="Variable">Score</param>
                    <param id="1" name="Comparison">2</param>
                    <param id="2" name="Value">70</param>
                </condition>
            </conditions>
            <actions>
                <action id="-9" name="Set value" type="System">
                    <param id="0" name="Variable">Level</param>
                    <param id="1" name="Value">7</param>
                </action>
                <action id="0" name="Set text" type="Level">
                    <param id="0" name="Text">&quot;Level:  &quot; &amp; Level</param>
                </action>
            </actions>
            <sub-events>
                <event-block>
                    <conditions>
                        <condition id="-4" name="Trigger once while true" type="System" />
                    </conditions>
                    <actions>
                        <action id="0" name="Play" type="Audio">
                            <param id="0" name="Audio file">LevelUp</param>
                            <param id="2" name="Loop">0</param>
                            <param id="3" name="Volume">0</param>
                            <param id="1" name="Tag (optional)">&quot;&quot;</param>
                        </action>
                    </actions>
                </event-block>
            </sub-events>
        </event-block>
        <event-block>
            <conditions>
                <condition id="-14" name="Compare variable" type="System">
                    <param id="0" name="Variable">Score</param>
                    <param id="1" name="Comparison">5</param>
                    <param id="2" name="Value">70</param>
                </condition>
                <condition id="-14" name="Compare variable" type="System">
                    <param id="0" name="Variable">Score</param>
                    <param id="1" name="Comparison">2</param>
                    <param id="2" name="Value">80</param>
                </condition>
            </conditions>
            <actions>
                <action id="-9" name="Set value" type="System">
                    <param id="0" name="Variable">Level</param>
                    <param id="1" name="Value">8</param>
                </action>
                <action id="0" name="Set text" type="Level">
                    <param id="0" name="Text">&quot;Level:  &quot; &amp; Level</param>
                </action>
            </actions>
            <sub-events>
                <event-block>
                    <conditions>
                        <condition id="-4" name="Trigger once while true" type="System" />
                    </conditions>
                    <actions>
                        <action id="0" name="Play" type="Audio">
                            <param id="0" name="Audio file">LevelUp</param>
                            <param id="2" name="Loop">0</param>
                            <param id="3" name="Volume">0</param>
                            <param id="1" name="Tag (optional)">&quot;&quot;</param>
                        </action>
                    </actions>
                </event-block>
            </sub-events>
        </event-block>
        <event-block>
            <conditions>
                <condition id="-14" name="Compare variable" type="System">
                    <param id="0" name="Variable">Score</param>
                    <param id="1" name="Comparison">5</param>
                    <param id="2" name="Value">80</param>
                </condition>
                <condition id="-14" name="Compare variable" type="System">
                    <param id="0" name="Variable">Score</param>
                    <param id="1" name="Comparison">2</param>
                    <param id="2" name="Value">90</param>
                </condition>
            </conditions>
            <actions>
                <action id="-9" name="Set value" type="System">
                    <param id="0" name="Variable">Level</param>
                    <param id="1" name="Value">9</param>
                </action>
                <action id="0" name="Set text" type="Level">
                    <param id="0" name="Text">&quot;Level:  &quot; &amp; Level</param>
                </action>
            </actions>
            <sub-events>
                <event-block>
                    <conditions>
                        <condition id="-4" name="Trigger once while true" type="System" />
                    </conditions>
                    <actions>
                        <action id="0" name="Play" type="Audio">
                            <param id="0" name="Audio file">LevelUp</param>
                            <param id="2" name="Loop">0</param>
                            <param id="3" name="Volume">0</param>
                            <param id="1" name="Tag (optional)">&quot;&quot;</param>
                        </action>
                    </actions>
                </event-block>
            </sub-events>
        </event-block>
        <event-block>
            <conditions>
                <condition id="-14" name="Compare variable" type="System">
                    <param id="0" name="Variable">Score</param>
                    <param id="1" name="Comparison">5</param>
                    <param id="2" name="Value">90</param>
                </condition>
                <condition id="-14" name="Compare variable" type="System">
                    <param id="0" name="Variable">Score</param>
                    <param id="1" name="Comparison">2</param>
                    <param id="2" name="Value">100</param>
                </condition>
            </conditions>
            <actions>
                <action id="-9" name="Set value" type="System">
                    <param id="0" name="Variable">Level</param>
                    <param id="1" name="Value">10</param>
                </action>
                <action id="0" name="Set text" type="Level">
                    <param id="0" name="Text">&quot;Level:  &quot; &amp; Level</param>
                </action>
            </actions>
            <sub-events>
                <event-block>
                    <conditions>
                        <condition id="-4" name="Trigger once while true" type="System" />
                    </conditions>
                    <actions>
                        <action id="0" name="Play" type="Audio">
                            <param id="0" name="Audio file">LevelUp</param>
                            <param id="2" name="Loop">0</param>
                            <param id="3" name="Volume">0</param>
                            <param id="1" name="Tag (optional)">&quot;&quot;</param>
                        </action>
                    </actions>
                </event-block>
            </sub-events>
        </event-block>
        <event-block>
            <conditions>
                <condition id="-14" name="Compare variable" type="System">
                    <param id="0" name="Variable">Score</param>
                    <param id="1" name="Comparison">5</param>
                    <param id="2" name="Value">100</param>
                </condition>
                <condition id="-14" name="Compare variable" type="System">
                    <param id="0" name="Variable">Score</param>
                    <param id="1" name="Comparison">2</param>
                    <param id="2" name="Value">110</param>
                </condition>
            </conditions>
            <actions>
                <action id="-9" name="Set value" type="System">
                    <param id="0" name="Variable">Level</param>
                    <param id="1" name="Value">11</param>
                </action>
                <action id="0" name="Set text" type="Level">
                    <param id="0" name="Text">&quot;Level:  &quot; &amp; Level</param>
                </action>
            </actions>
            <sub-events>
                <event-block>
                    <conditions>
                        <condition id="-4" name="Trigger once while true" type="System" />
                    </conditions>
                    <actions>
                        <action id="0" name="Play" type="Audio">
                            <param id="0" name="Audio file">LevelUp</param>
                            <param id="2" name="Loop">0</param>
                            <param id="3" name="Volume">0</param>
                            <param id="1" name="Tag (optional)">&quot;&quot;</param>
                        </action>
                    </actions>
                </event-block>
            </sub-events>
        </event-block>
        <event-block>
            <conditions>
                <condition id="-14" name="Compare variable" type="System">
                    <param id="0" name="Variable">Score</param>
                    <param id="1" name="Comparison">5</param>
                    <param id="2" name="Value">110</param>
                </condition>
                <condition id="-14" name="Compare variable" type="System">
                    <param id="0" name="Variable">Score</param>
                    <param id="1" name="Comparison">2</param>
                    <param id="2" name="Value">120</param>
                </condition>
            </conditions>
            <actions>
                <action id="-9" name="Set value" type="System">
                    <param id="0" name="Variable">Level</param>
                    <param id="1" name="Value">12</param>
                </action>
                <action id="0" name="Set text" type="Level">
                    <param id="0" name="Text">&quot;Level:  &quot; &amp; Level</param>
                </action>
            </actions>
            <sub-events>
                <event-block>
                    <conditions>
                        <condition id="-4" name="Trigger once while true" type="System" />
                    </conditions>
                    <actions>
                        <action id="0" name="Play" type="Audio">
                            <param id="0" name="Audio file">LevelUp</param>
                            <param id="2" name="Loop">0</param>
                            <param id="3" name="Volume">0</param>
                            <param id="1" name="Tag (optional)">&quot;&quot;</param>
                        </action>
                    </actions>
                </event-block>
            </sub-events>
        </event-block>
        <event-block>
            <conditions>
                <condition id="-14" name="Compare variable" type="System">
                    <param id="0" name="Variable">Score</param>
                    <param id="1" name="Comparison">5</param>
                    <param id="2" name="Value">120</param>
                </condition>
                <condition id="-14" name="Compare variable" type="System">
                    <param id="0" name="Variable">Score</param>
                    <param id="1" name="Comparison">2</param>
                    <param id="2" name="Value">130</param>
                </condition>
            </conditions>
            <actions>
                <action id="-9" name="Set value" type="System">
                    <param id="0" name="Variable">Level</param>
                    <param id="1" name="Value">13</param>
                </action>
                <action id="0" name="Set text" type="Level">
                    <param id="0" name="Text">&quot;Level:  &quot; &amp; Level</param>
                </action>
            </actions>
            <sub-events>
                <event-block>
                    <conditions>
                        <condition id="-4" name="Trigger once while true" type="System" />
                    </conditions>
                    <actions>
                        <action id="0" name="Play" type="Audio">
                            <param id="0" name="Audio file">LevelUp</param>
                            <param id="2" name="Loop">0</param>
                            <param id="3" name="Volume">0</param>
                            <param id="1" name="Tag (optional)">&quot;&quot;</param>
                        </action>
                    </actions>
                </event-block>
            </sub-events>
        </event-block>
        <event-block>
            <conditions>
                <condition id="-14" name="Compare variable" type="System">
                    <param id="0" name="Variable">Score</param>
                    <param id="1" name="Comparison">5</param>
                    <param id="2" name="Value">130</param>
                </condition>
                <condition id="-14" name="Compare variable" type="System">
                    <param id="0" name="Variable">Score</param>
                    <param id="1" name="Comparison">2</param>
                    <param id="2" name="Value">140</param>
                </condition>
            </conditions>
            <actions>
                <action id="-9" name="Set value" type="System">
                    <param id="0" name="Variable">Level</param>
                    <param id="1" name="Value">14</param>
                </action>
                <action id="0" name="Set text" type="Level">
                    <param id="0" name="Text">&quot;Level:  &quot; &amp; Level</param>
                </action>
            </actions>
            <sub-events>
                <event-block>
                    <conditions>
                        <condition id="-4" name="Trigger once while true" type="System" />
                    </conditions>
                    <actions>
                        <action id="0" name="Play" type="Audio">
                            <param id="0" name="Audio file">LevelUp</param>
                            <param id="2" name="Loop">0</param>
                            <param id="3" name="Volume">0</param>
                            <param id="1" name="Tag (optional)">&quot;&quot;</param>
                        </action>
                    </actions>
                </event-block>
            </sub-events>
        </event-block>
        <event-block>
            <conditions>
                <condition id="-14" name="Compare variable" type="System">
                    <param id="0" name="Variable">Score</param>
                    <param id="1" name="Comparison">5</param>
                    <param id="2" name="Value">140</param>
                </condition>
                <condition id="-14" name="Compare variable" type="System">
                    <param id="0" name="Variable">Score</param>
                    <param id="1" name="Comparison">2</param>
                    <param id="2" name="Value">150</param>
                </condition>
            </conditions>
            <actions>
                <action id="-9" name="Set value" type="System">
                    <param id="0" name="Variable">Level</param>
                    <param id="1" name="Value">15</param>
                </action>
                <action id="0" name="Set text" type="Level">
                    <param id="0" name="Text">&quot;Level:  &quot; &amp; Level</param>
                </action>
            </actions>
            <sub-events>
                <event-block>
                    <conditions>
                        <condition id="-4" name="Trigger once while true" type="System" />
                    </conditions>
                    <actions>
                        <action id="0" name="Play" type="Audio">
                            <param id="0" name="Audio file">LevelUp</param>
                            <param id="2" name="Loop">0</param>
                            <param id="3" name="Volume">0</param>
                            <param id="1" name="Tag (optional)">&quot;&quot;</param>
                        </action>
                    </actions>
                </event-block>
            </sub-events>
        </event-block>
        <event-block>
            <conditions>
                <condition id="-14" name="Compare variable" type="System">
                    <param id="0" name="Variable">Score</param>
                    <param id="1" name="Comparison">5</param>
                    <param id="2" name="Value">150</param>
                </condition>
                <condition id="-14" name="Compare variable" type="System">
                    <param id="0" name="Variable">Score</param>
                    <param id="1" name="Comparison">2</param>
                    <param id="2" name="Value">160</param>
                </condition>
            </conditions>
            <actions>
                <action id="-9" name="Set value" type="System">
                    <param id="0" name="Variable">Level</param>
                    <param id="1" name="Value">16</param>
                </action>
                <action id="0" name="Set text" type="Level">
                    <param id="0" name="Text">&quot;Level:  &quot; &amp; Level</param>
                </action>
            </actions>
            <sub-events>
                <event-block>
                    <conditions>
                        <condition id="-4" name="Trigger once while true" type="System" />
                    </conditions>
                    <actions>
                        <action id="0" name="Play" type="Audio">
                            <param id="0" name="Audio file">LevelUp</param>
                            <param id="2" name="Loop">0</param>
                            <param id="3" name="Volume">0</param>
                            <param id="1" name="Tag (optional)">&quot;&quot;</param>
                        </action>
                    </actions>
                </event-block>
            </sub-events>
        </event-block>
        <event-block>
            <conditions>
                <condition id="-14" name="Compare variable" type="System">
                    <param id="0" name="Variable">Score</param>
                    <param id="1" name="Comparison">5</param>
                    <param id="2" name="Value">160</param>
                </condition>
                <condition id="-14" name="Compare variable" type="System">
                    <param id="0" name="Variable">Score</param>
                    <param id="1" name="Comparison">2</param>
                    <param id="2" name="Value">170</param>
                </condition>
            </conditions>
            <actions>
                <action id="-9" name="Set value" type="System">
                    <param id="0" name="Variable">Level</param>
                    <param id="1" name="Value">17</param>
                </action>
                <action id="0" name="Set text" type="Level">
                    <param id="0" name="Text">&quot;Level:  &quot; &amp; Level</param>
                </action>
            </actions>
            <sub-events>
                <event-block>
                    <conditions>
                        <condition id="-4" name="Trigger once while true" type="System" />
                    </conditions>
                    <actions>
                        <action id="0" name="Play" type="Audio">
                            <param id="0" name="Audio file">LevelUp</param>
                            <param id="2" name="Loop">0</param>
                            <param id="3" name="Volume">0</param>
                            <param id="1" name="Tag (optional)">&quot;&quot;</param>
                        </action>
                    </actions>
                </event-block>
            </sub-events>
        </event-block>
        <event-block>
            <conditions>
                <condition id="-14" name="Compare variable" type="System">
                    <param id="0" name="Variable">Score</param>
                    <param id="1" name="Comparison">5</param>
                    <param id="2" name="Value">170</param>
                </condition>
                <condition id="-14" name="Compare variable" type="System">
                    <param id="0" name="Variable">Score</param>
                    <param id="1" name="Comparison">2</param>
                    <param id="2" name="Value">180</param>
                </condition>
            </conditions>
            <actions>
                <action id="-9" name="Set value" type="System">
                    <param id="0" name="Variable">Level</param>
                    <param id="1" name="Value">18</param>
                </action>
                <action id="0" name="Set text" type="Level">
                    <param id="0" name="Text">&quot;Level:  &quot; &amp; Level</param>
                </action>
            </actions>
            <sub-events>
                <event-block>
                    <conditions>
                        <condition id="-4" name="Trigger once while true" type="System" />
                    </conditions>
                    <actions>
                        <action id="0" name="Play" type="Audio">
                            <param id="0" name="Audio file">LevelUp</param>
                            <param id="2" name="Loop">0</param>
                            <param id="3" name="Volume">0</param>
                            <param id="1" name="Tag (optional)">&quot;&quot;</param>
                        </action>
                    </actions>
                </event-block>
            </sub-events>
        </event-block>
        <event-block>
            <conditions>
                <condition id="-14" name="Compare variable" type="System">
                    <param id="0" name="Variable">Score</param>
                    <param id="1" name="Comparison">5</param>
                    <param id="2" name="Value">180</param>
                </condition>
                <condition id="-14" name="Compare variable" type="System">
                    <param id="0" name="Variable">Score</param>
                    <param id="1" name="Comparison">2</param>
                    <param id="2" name="Value">190</param>
                </condition>
            </conditions>
            <actions>
                <action id="-9" name="Set value" type="System">
                    <param id="0" name="Variable">Level</param>
                    <param id="1" name="Value">19</param>
                </action>
                <action id="0" name="Set text" type="Level">
                    <param id="0" name="Text">&quot;Level:  &quot; &amp; Level</param>
                </action>
            </actions>
            <sub-events>
                <event-block>
                    <conditions>
                        <condition id="-4" name="Trigger once while true" type="System" />
                    </conditions>
                    <actions>
                        <action id="0" name="Play" type="Audio">
                            <param id="0" name="Audio file">LevelUp</param>
                            <param id="2" name="Loop">0</param>
                            <param id="3" name="Volume">0</param>
                            <param id="1" name="Tag (optional)">&quot;&quot;</param>
                        </action>
                    </actions>
                </event-block>
            </sub-events>
        </event-block>
        <event-block>
            <conditions>
                <condition id="-14" name="Compare variable" type="System">
                    <param id="0" name="Variable">Score</param>
                    <param id="1" name="Comparison">5</param>
                    <param id="2" name="Value">190</param>
                </condition>
                <condition id="-14" name="Compare variable" type="System">
                    <param id="0" name="Variable">Score</param>
                    <param id="1" name="Comparison">2</param>
                    <param id="2" name="Value">200</param>
                </condition>
            </conditions>
            <actions>
                <action id="-9" name="Set value" type="System">
                    <param id="0" name="Variable">Level</param>
                    <param id="1" name="Value">20</param>
                </action>
                <action id="0" name="Set text" type="Level">
                    <param id="0" name="Text">&quot;Level:  &quot; &amp; Level</param>
                </action>
            </actions>
            <sub-events>
                <event-block>
                    <conditions>
                        <condition id="-4" name="Trigger once while true" type="System" />
                    </conditions>
                    <actions>
                        <action id="0" name="Play" type="Audio">
                            <param id="0" name="Audio file">LevelUp</param>
                            <param id="2" name="Loop">0</param>
                            <param id="3" name="Volume">0</param>
                            <param id="1" name="Tag (optional)">&quot;&quot;</param>
                        </action>
                    </actions>
                </event-block>
            </sub-events>
        </event-block>
        <event-block>
            <conditions>
                <condition id="-7" name="Compare instance variable" type="TimeLeft">
                    <param id="0" name="Instance variable">TimeLeft</param>
                    <param id="1" name="Comparison">3</param>
                    <param id="2" name="Value">0</param>
                </condition>
            </conditions>
            <actions>
                <action id="-2" name="Go to layout" type="System">
                    <param id="0" name="Layout">End</param>
                </action>
            </actions>
        </event-block>
    </events>
</c2eventsheet>
