﻿<?xml version="1.0" encoding="utf-8" ?>
<c2eventsheet>
    <!--All the 'name' attributes are ignored by Construct 2 - they are there for readability only.-->
    <name>MenuES</name>
    <events>
        <event-block>
            <conditions>
                <condition id="-6" name="Every X seconds" type="System">
                    <param id="0" name="Interval (seconds)">0.1</param>
                </condition>
            </conditions>
            <actions>
                <action id="4" name="Set font color" type="Title">
                    <param id="0" name="Color">rgb(Random(255), Random(255), Random(255))</param>
                </action>
            </actions>
        </event-block>
        <event-block any="1">
            <conditions>
                <condition id="6" name="On object clicked" type="Mouse">
                    <param id="0" name="Mouse button">0</param>
                    <param id="1" name="Click type">0</param>
                    <param id="2" name="Object clicked">Start</param>
                </condition>
                <condition id="4" name="Is touching object" type="Touch">
                    <param id="0" name="Object">Start</param>
                </condition>
            </conditions>
            <actions>
                <action id="-2" name="Go to layout" type="System">
                    <param id="0" name="Layout">Game</param>
                </action>
            </actions>
        </event-block>
        <event-block>
            <conditions>
                <condition id="3" inverted="1" name="Local key exists" type="WebStorage">
                    <param id="0" name="Key">&quot;ReactionbyFord&quot;</param>
                </condition>
            </conditions>
            <actions>
                <action id="2" name="Set at X" type="ScoreTable">
                    <param id="0" name="X">0</param>
                    <param id="1" name="Value">Int(0)</param>
                </action>
                <action id="2" name="Set at X" type="ScoreTable">
                    <param id="0" name="X">1</param>
                    <param id="1" name="Value">Int(0)</param>
                </action>
                <action id="2" name="Set at X" type="ScoreTable">
                    <param id="0" name="X">2</param>
                    <param id="1" name="Value">Int(0)</param>
                </action>
            </actions>
        </event-block>
        <event-block>
            <conditions>
                <condition id="-22" name="Else" type="System" />
            </conditions>
            <actions>
                <action id="11" name="Load" type="ScoreTable">
                    <param id="0" name="JSON">WebStorage.LocalValue(&quot;ReactionbyFord&quot;)</param>
                </action>
                <action id="0" name="Set text" type="High1">
                    <param id="0" name="Text">&quot;1:  &quot; &amp; ScoreTable.At(0)</param>
                </action>
                <action id="0" name="Set text" type="High2">
                    <param id="0" name="Text">&quot;2:  &quot; &amp; ScoreTable.At(1)</param>
                </action>
                <action id="0" name="Set text" type="High3">
                    <param id="0" name="Text">&quot;3:  &quot; &amp; ScoreTable.At(2)</param>
                </action>
            </actions>
        </event-block>
    </events>
</c2eventsheet>
